lips,word
socks,word
coat,word
heart,word
kite,word
milk,word
skateboard,word
apple,word
mouse,word
apple,word
smile,word
shoe,word
hat,word
dog,word
duck,word
bird,word
person,word
ball,word
slide,word
swing,word
water,word
ocean,word
mouth,word
eyes,word
boy,word
girl,word
house,word
Indiana Jones and the Temple of Doom,movie
Transformers: Dark of the Moon,movie
Star Wars,movie
Gigli,movie
Boogy Nights,movie
Schindler's List,terrible
Air Bud,movie
Taken,movie
George Washington,people
Hitler,Terrible
Albert Einstein,people
The Queen of England,people
Justin Bieber,people
Matt Stiles,people
Blowjob,Terrible
Fisting,Terrible
Anal,Terrible
Thai sex vacation,Terrible
The Bunny Ranch,Terrible
Eating pussy,Terrible
Scarface,Movie
Howard the Duck,Movie
The Avengers,Movie
Iron Man,Movie
The Godfather,Movie
